insert into ACCOUNT (ID, AGE, EMAIL, FIRSTNAME, LASTNAME, PASSWORD, SUBSCRIPTION) values (1, 18, 'Hpapadakos@gmail.com','Hlias','Papadakos', '123456Hp', 'B');
insert into ACCOUNT (ID, AGE, EMAIL, FIRSTNAME, LASTNAME, PASSWORD, SUBSCRIPTION) values (2, 25, 'pliaskos@otenet.gr','Panos', 'Liaskos', '451263pl','P');
insert into ACCOUNT (ID, AGE, EMAIL, FIRSTNAME, LASTNAME, PASSWORD, SUBSCRIPTION) values (3, 22, 'hunter25@hotmail.com','Stelios', 'Pantelis', '4p2345l','B');
insert into ACCOUNT (ID, AGE, EMAIL, FIRSTNAME, LASTNAME, PASSWORD, SUBSCRIPTION) values (4, 28, 'annapeuka@gmail.com','Anna', 'Peuka', '842613kl','B');

insert into PROFILE (ID, USERNAME, ACCOUNT_ID) values (1, 'Papadis', 1);
insert into PROFILE (ID, USERNAME, ACCOUNT_ID) values (2, 'Liakos', 1);
insert into PROFILE (ID, USERNAME, ACCOUNT_ID) values (3, 'Hunter', 1);
insert into PROFILE (ID, USERNAME, ACCOUNT_ID) values (4, 'Panais', 2);
insert into PROFILE (ID, USERNAME, ACCOUNT_ID) values (5, 'Takis', 2);
insert into PROFILE (ID, USERNAME, ACCOUNT_ID) values (6, 'Stelaras', 3);

insert into MOVIE (ID,TITLE, YEARPUBLISHED, AGERESTRICTION,DURATION) values (1, 'Fatal Game', 1985, 18,125);
insert into MOVIE (ID,TITLE, YEARPUBLISHED, AGERESTRICTION,DURATION) values (2, 'Limitless', 2004, 13,145);
insert into MOVIE (ID,TITLE, YEARPUBLISHED, AGERESTRICTION,DURATION) values (3, 'Sherlock Holmes', 2014, 13,200);
insert into MOVIE (ID,TITLE, YEARPUBLISHED, AGERESTRICTION,DURATION) values (4, 'Sherlock Holmes 2', 2015, 13,165);
insert into MOVIE (ID,TITLE, YEARPUBLISHED, AGERESTRICTION,DURATION) values (5, 'Avengers', 2013, 3,170);
insert into MOVIE (ID,TITLE, YEARPUBLISHED, AGERESTRICTION,DURATION) values (6, 'Wood we hunting', 1985, 18,125);
insert into MOVIE (ID,TITLE, YEARPUBLISHED, AGERESTRICTION,DURATION) values (7, 'Juno', 2005, 13,145);
insert into MOVIE (ID,TITLE, YEARPUBLISHED, AGERESTRICTION,DURATION) values (8, 'Satter island', 2022, 13,200);
insert into MOVIE (ID,TITLE, YEARPUBLISHED, AGERESTRICTION,DURATION) values (9, 'Mystic river', 1997, 13,165);
insert into MOVIE (ID,TITLE, YEARPUBLISHED, AGERESTRICTION,DURATION) values (10, 'CrazyStupid love', 2000, 3,170);
insert into MOVIE (ID,TITLE, YEARPUBLISHED, AGERESTRICTION,DURATION) values (11, 'Black book', 2998, 18,125);
insert into MOVIE (ID,TITLE, YEARPUBLISHED, AGERESTRICTION,DURATION) values (12, 'Invisible', 2004, 13,145);
insert into MOVIE (ID,TITLE, YEARPUBLISHED, AGERESTRICTION,DURATION) values (13, 'Lucky numbers slaving', 2017, 13,200);
insert into MOVIE (ID,TITLE, YEARPUBLISHED, AGERESTRICTION,DURATION) values (14, 'Insendies', 2001, 13,165);
insert into MOVIE (ID,TITLE, YEARPUBLISHED, AGERESTRICTION,DURATION) values (15, 'Amore speros', 2013, 3,170);



insert into SERIE(ID,TITLE, YEARPUBLISHED, AGERESTRICTION) values (1, 'Vikings', 2010, 16);
insert into SERIE(ID,TITLE, YEARPUBLISHED, AGERESTRICTION) values (2, 'Walking Dead', 2010, 18);
insert into SERIE(ID,TITLE, YEARPUBLISHED, AGERESTRICTION) values (3, 'Breaking Bad', 2008, 13);
insert into SERIE(ID,TITLE, YEARPUBLISHED, AGERESTRICTION) values (4, 'Stranger Things', 2016, 13);

insert into GENRE(ID, CATEGORY) values (1, 'Romance');
insert into GENRE(ID, CATEGORY) values (2, 'Western');
insert into GENRE(ID, CATEGORY) values (3, 'Sci-fi');
insert into GENRE(ID, CATEGORY) values (4, 'Musical');
insert into GENRE(ID, CATEGORY) values (5, 'Comedy');
insert into GENRE(ID, CATEGORY) values (6, 'Drama');
insert into GENRE(ID, CATEGORY) values (7, 'Adventure');
insert into GENRE(ID, CATEGORY) values (8, 'Fantasy');
insert into GENRE(ID, CATEGORY) values (9, 'Action');
insert into GENRE(ID, CATEGORY) values (10, 'Thriller');

insert into ACTOR(ID, FULLNAME) values (1, 'Li Cooper');
insert into ACTOR(ID, FULLNAME) values (2, 'Brandly Cooper');
insert into ACTOR(ID, FULLNAME) values (3, 'Jennifer Anniston');
insert into ACTOR(ID, FULLNAME) values (4, 'Jenny Morgan');
insert into ACTOR(ID, FULLNAME) values (5, 'Christofer Papacaliatis');
insert into ACTOR(ID, FULLNAME) values (6, 'Morgan Freman');
insert into ACTOR(ID, FULLNAME) values (7, 'Brian Brunston');
insert into ACTOR(ID, FULLNAME) values (8, 'Aaron Paul');
insert into ACTOR(ID, FULLNAME) values (9, 'Din Norris');
insert into ACTOR(ID, FULLNAME) values (10, 'Herny Cavil');
insert into ACTOR(ID, FULLNAME) values (11, 'Anna Safe');
insert into ACTOR(ID, FULLNAME) values (12, 'Orlando Blue');
insert into ACTOR(ID, FULLNAME) values (13, 'Gustaf Skarsgard');

insert into SEASON(ID, SERIE_ID, SEASON) values (1, 1, 1);
insert into SEASON(ID, SERIE_ID, SEASON) values (2, 1, 2);
insert into SEASON(ID, SERIE_ID, SEASON) values (3, 1, 3);
insert into SEASON(ID, SERIE_ID, SEASON) values (4, 1, 4);
insert into SEASON(ID, SERIE_ID, SEASON) values (5, 2, 1);
insert into SEASON(ID, SERIE_ID, SEASON) values (6, 2, 2);
insert into SEASON(ID, SERIE_ID, SEASON) values (7, 2, 3);
insert into SEASON(ID, SERIE_ID, SEASON) values (8, 2, 4);
insert into SEASON(ID, SERIE_ID, SEASON) values (9, 2, 5);
insert into SEASON(ID, SERIE_ID, SEASON) values (10, 3, 1);
insert into SEASON(ID, SERIE_ID, SEASON) values (11, 3, 2);
insert into SEASON(ID, SERIE_ID, SEASON) values (12, 4, 1);
insert into SEASON(ID, SERIE_ID, SEASON) values (13, 4, 2);
insert into SEASON(ID, SERIE_ID, SEASON) values (14, 4, 3);

insert into EPISODE(ID, DURATION, TITLE, SEASON_ID) values(1,40, 'Passage', 1);
insert into EPISODE(ID, DURATION, TITLE, SEASON_ID) values(2,45, 'NorthMen', 1);
insert into EPISODE(ID, DURATION, TITLE, SEASON_ID) values(3,43, 'Dispose', 1);
insert into EPISODE(ID, DURATION, TITLE, SEASON_ID) values(4,42, 'Trial', 1);

insert into EPISODE(ID, DURATION, TITLE, SEASON_ID) values(5,40, 'Invasion', 2);
insert into EPISODE(ID, DURATION, TITLE, SEASON_ID) values(6,42, 'Treachery', 2);
insert into EPISODE(ID, DURATION, TITLE, SEASON_ID) values(7,46, 'Unforgiven', 2);

insert into EPISODE(ID, DURATION, TITLE, SEASON_ID) values(8,39, 'Bloody eagle', 3);
insert into EPISODE(ID, DURATION, TITLE, SEASON_ID) values(9,30, 'The choise', 3);
insert into EPISODE(ID, DURATION, TITLE, SEASON_ID) values(10,48, 'Mercenary', 3);
insert into EPISODE(ID, DURATION, TITLE, SEASON_ID) values(11,52, 'Scare', 3);

insert into EPISODE(ID, DURATION, TITLE, SEASON_ID) values(12,80, 'Mercy', 4);
insert into EPISODE(ID, DURATION, TITLE, SEASON_ID) values(13,23, 'Yoll', 4);
insert into EPISODE(ID, DURATION, TITLE, SEASON_ID) values(14,47, 'Promise', 4);
insert into EPISODE(ID, DURATION, TITLE, SEASON_ID) values(15,29, 'Portage', 4);
insert into EPISODE(ID, DURATION, TITLE, SEASON_ID) values(16,57, 'The last ship', 4);



insert into EPISODE(ID, DURATION, TITLE, SEASON_ID) values(17,40, 'Gods', 5);
insert into EPISODE(ID, DURATION, TITLE, SEASON_ID) values(18,45, 'Guts', 5);
insert into EPISODE(ID, DURATION, TITLE, SEASON_ID) values(19,43, 'Days gone', 5);
insert into EPISODE(ID, DURATION, TITLE, SEASON_ID) values(20,42, 'Wield fight', 5);

insert into EPISODE(ID, DURATION, TITLE, SEASON_ID) values(21,40, 'Vatos', 6);
insert into EPISODE(ID, DURATION, TITLE, SEASON_ID) values(22,42, 'Blood letting', 6);
insert into EPISODE(ID, DURATION, TITLE, SEASON_ID) values(23,46, 'Save the last bun', 6);

insert into EPISODE(ID, DURATION, TITLE, SEASON_ID) values(24,39, 'Chupacabra', 7);
insert into EPISODE(ID, DURATION, TITLE, SEASON_ID) values(25,30, 'Secrets', 7);
insert into EPISODE(ID, DURATION, TITLE, SEASON_ID) values(26,48, 'Nebrasca', 7);
insert into EPISODE(ID, DURATION, TITLE, SEASON_ID) values(27,52, 'Trigger finger', 7);

insert into EPISODE(ID, DURATION, TITLE, SEASON_ID) values(28,80, 'Mercy', 8);
insert into EPISODE(ID, DURATION, TITLE, SEASON_ID) values(29,23, 'Sick', 8);
insert into EPISODE(ID, DURATION, TITLE, SEASON_ID) values(30,47, 'Seek', 8);
insert into EPISODE(ID, DURATION, TITLE, SEASON_ID) values(31,29, 'Killer within', 8);
insert into EPISODE(ID, DURATION, TITLE, SEASON_ID) values(32,57, 'Humount', 8);

insert into EPISODE(ID, DURATION, TITLE, SEASON_ID) values(33,80, 'Made to suffer', 9);
insert into EPISODE(ID, DURATION, TITLE, SEASON_ID) values(34,23, 'Home', 9);
insert into EPISODE(ID, DURATION, TITLE, SEASON_ID) values(35,47, 'Clear', 9);


insert into EPISODE(ID, DURATION, TITLE, SEASON_ID) values(36,80, 'Pilot', 10);
insert into EPISODE(ID, DURATION, TITLE, SEASON_ID) values(37,23, 'Cancerman', 10);
insert into EPISODE(ID, DURATION, TITLE, SEASON_ID) values(38,47, 'Grey matter', 10);
insert into EPISODE(ID, DURATION, TITLE, SEASON_ID) values(39,29, 'No rough staff', 10);
insert into EPISODE(ID, DURATION, TITLE, SEASON_ID) values(40,57, 'Grilled', 10);

insert into EPISODE(ID, DURATION, TITLE, SEASON_ID) values(41,80, 'Down', 11);
insert into EPISODE(ID, DURATION, TITLE, SEASON_ID) values(42,23, 'Picabu', 11);
insert into EPISODE(ID, DURATION, TITLE, SEASON_ID) values(43,47, 'Better call shal', 11);


insert into EPISODE(ID, DURATION, TITLE, SEASON_ID) values(44,80, 'Holly joly', 12);
insert into EPISODE(ID, DURATION, TITLE, SEASON_ID) values(45,23, 'The weirdo maple', 12);
insert into EPISODE(ID, DURATION, TITLE, SEASON_ID) values(46,47, 'The body', 12);

insert into EPISODE(ID, DURATION, TITLE, SEASON_ID) values(47,80, 'The monster', 13);
insert into EPISODE(ID, DURATION, TITLE, SEASON_ID) values(48,23, 'The bathbud', 13);
insert into EPISODE(ID, DURATION, TITLE, SEASON_ID) values(49,47, 'Trick or treat', 13);
insert into EPISODE(ID, DURATION, TITLE, SEASON_ID) values(50,29, 'Dig dag', 13);
insert into EPISODE(ID, DURATION, TITLE, SEASON_ID) values(51,57, 'The spy', 13);

insert into EPISODE(ID, DURATION, TITLE, SEASON_ID) values(52,80, 'The lost sister', 14);
insert into EPISODE(ID, DURATION, TITLE, SEASON_ID) values(53,23, 'The gate', 14);
insert into EPISODE(ID, DURATION, TITLE, SEASON_ID) values(54,47, 'Suziy', 14);



insert into MOVIE_ACTORS (MOVIE_ID, ACTORS_ID) values (1, 3);
insert into MOVIE_ACTORS (MOVIE_ID, ACTORS_ID) values (1, 4);
insert into MOVIE_ACTORS (MOVIE_ID, ACTORS_ID) values (1, 5);
insert into MOVIE_ACTORS (MOVIE_ID, ACTORS_ID) values (1, 6);
insert into MOVIE_ACTORS (MOVIE_ID, ACTORS_ID) values (1, 7);
insert into MOVIE_ACTORS (MOVIE_ID, ACTORS_ID) values (2, 5);
insert into MOVIE_ACTORS (MOVIE_ID, ACTORS_ID) values (2,1);
insert into MOVIE_ACTORS (MOVIE_ID, ACTORS_ID) values (2,2);
insert into MOVIE_ACTORS (MOVIE_ID, ACTORS_ID) values (2,3);
insert into MOVIE_ACTORS (MOVIE_ID, ACTORS_ID) values (2,10);
insert into MOVIE_ACTORS (MOVIE_ID, ACTORS_ID) values (3, 7);
insert into MOVIE_ACTORS (MOVIE_ID, ACTORS_ID) values (3, 8);
insert into MOVIE_ACTORS (MOVIE_ID, ACTORS_ID) values (3, 9);
insert into MOVIE_ACTORS (MOVIE_ID, ACTORS_ID) values (3, 10);
insert into MOVIE_ACTORS (MOVIE_ID, ACTORS_ID) values (3, 11);
insert into MOVIE_ACTORS (MOVIE_ID, ACTORS_ID) values (3, 12);
insert into MOVIE_ACTORS (MOVIE_ID, ACTORS_ID) values (4,2);
insert into MOVIE_ACTORS (MOVIE_ID, ACTORS_ID) values (4,4);
insert into MOVIE_ACTORS (MOVIE_ID, ACTORS_ID) values (4,9);
insert into MOVIE_ACTORS (MOVIE_ID, ACTORS_ID) values (4,13);
insert into MOVIE_ACTORS (MOVIE_ID, ACTORS_ID) values (5, 10);
insert into MOVIE_ACTORS (MOVIE_ID, ACTORS_ID) values (5, 11);
insert into MOVIE_ACTORS (MOVIE_ID, ACTORS_ID) values (5, 12);
insert into MOVIE_ACTORS (MOVIE_ID, ACTORS_ID) values (5,2);
insert into MOVIE_ACTORS (MOVIE_ID, ACTORS_ID) values (5,4);
insert into MOVIE_ACTORS (MOVIE_ID, ACTORS_ID) values (5,9);
insert into MOVIE_ACTORS (MOVIE_ID, ACTORS_ID) values (5,13);
insert into MOVIE_ACTORS (MOVIE_ID, ACTORS_ID) values (6, 3);
insert into MOVIE_ACTORS (MOVIE_ID, ACTORS_ID) values (6, 4);
insert into MOVIE_ACTORS (MOVIE_ID, ACTORS_ID) values (6, 5);
insert into MOVIE_ACTORS (MOVIE_ID, ACTORS_ID) values (6, 6);
insert into MOVIE_ACTORS (MOVIE_ID, ACTORS_ID) values (7, 7);
insert into MOVIE_ACTORS (MOVIE_ID, ACTORS_ID) values (7, 5);
insert into MOVIE_ACTORS (MOVIE_ID, ACTORS_ID) values (7,1);
insert into MOVIE_ACTORS (MOVIE_ID, ACTORS_ID) values (8,2);
insert into MOVIE_ACTORS (MOVIE_ID, ACTORS_ID) values (8,3);
insert into MOVIE_ACTORS (MOVIE_ID, ACTORS_ID) values (8,10);
insert into MOVIE_ACTORS (MOVIE_ID, ACTORS_ID) values (9, 7);
insert into MOVIE_ACTORS (MOVIE_ID, ACTORS_ID) values (9, 8);
insert into MOVIE_ACTORS (MOVIE_ID, ACTORS_ID) values (9, 9);
insert into MOVIE_ACTORS (MOVIE_ID, ACTORS_ID) values (10, 10);
insert into MOVIE_ACTORS (MOVIE_ID, ACTORS_ID) values (10, 11);
insert into MOVIE_ACTORS (MOVIE_ID, ACTORS_ID) values (10, 12);
insert into MOVIE_ACTORS (MOVIE_ID, ACTORS_ID) values (11,2);
insert into MOVIE_ACTORS (MOVIE_ID, ACTORS_ID) values (11,4);
insert into MOVIE_ACTORS (MOVIE_ID, ACTORS_ID) values (12,9);
insert into MOVIE_ACTORS (MOVIE_ID, ACTORS_ID) values (12,13);
insert into MOVIE_ACTORS (MOVIE_ID, ACTORS_ID) values (12, 10);
insert into MOVIE_ACTORS (MOVIE_ID, ACTORS_ID) values (13, 11);
insert into MOVIE_ACTORS (MOVIE_ID, ACTORS_ID) values (13, 12);
insert into MOVIE_ACTORS (MOVIE_ID, ACTORS_ID) values (14,2);
insert into MOVIE_ACTORS (MOVIE_ID, ACTORS_ID) values (14,4);
insert into MOVIE_ACTORS (MOVIE_ID, ACTORS_ID) values (15,9);
insert into MOVIE_ACTORS (MOVIE_ID, ACTORS_ID) values (15,13);

insert into SERIE_ACTORS (SERIE_ID, ACTORS_ID) values (1, 3);
insert into SERIE_ACTORS (SERIE_ID, ACTORS_ID) values (1, 4);
insert into SERIE_ACTORS (SERIE_ID, ACTORS_ID) values (1, 5);
insert into SERIE_ACTORS (SERIE_ID, ACTORS_ID) values (1, 6);
insert into SERIE_ACTORS (SERIE_ID, ACTORS_ID) values (1, 7);
insert into SERIE_ACTORS (SERIE_ID, ACTORS_ID) values (2, 5);
insert into SERIE_ACTORS (SERIE_ID, ACTORS_ID) values (2,1);
insert into SERIE_ACTORS (SERIE_ID, ACTORS_ID) values (2,2);
insert into SERIE_ACTORS (SERIE_ID, ACTORS_ID) values (2,3);
insert into SERIE_ACTORS (SERIE_ID, ACTORS_ID) values (2,10);
insert into SERIE_ACTORS (SERIE_ID, ACTORS_ID) values (3, 7);
insert into SERIE_ACTORS (SERIE_ID, ACTORS_ID) values (3, 8);
insert into SERIE_ACTORS (SERIE_ID, ACTORS_ID) values (3, 9);
insert into SERIE_ACTORS (SERIE_ID, ACTORS_ID) values (3, 10);
insert into SERIE_ACTORS (SERIE_ID, ACTORS_ID) values (3, 11);
insert into SERIE_ACTORS (SERIE_ID, ACTORS_ID) values (3, 12);
insert into SERIE_ACTORS (SERIE_ID, ACTORS_ID) values (4,2);
insert into SERIE_ACTORS (SERIE_ID, ACTORS_ID) values (4,4);
insert into SERIE_ACTORS (SERIE_ID, ACTORS_ID) values (4,9);
insert into SERIE_ACTORS (SERIE_ID, ACTORS_ID) values (4,13);

insert into MOVIE_GENRES (MOVIE_ID, GENRES_ID) values (1, 3);
insert into MOVIE_GENRES (MOVIE_ID, GENRES_ID) values (1, 4);
insert into MOVIE_GENRES (MOVIE_ID, GENRES_ID) values (1, 5);
insert into MOVIE_GENRES (MOVIE_ID, GENRES_ID) values (1, 6);
insert into MOVIE_GENRES (MOVIE_ID, GENRES_ID) values (1, 7);
insert into MOVIE_GENRES (MOVIE_ID, GENRES_ID) values (2, 5);
insert into MOVIE_GENRES (MOVIE_ID, GENRES_ID) values (2,1);
insert into MOVIE_GENRES (MOVIE_ID, GENRES_ID) values (2,2);
insert into MOVIE_GENRES (MOVIE_ID, GENRES_ID) values (2,3);
insert into MOVIE_GENRES (MOVIE_ID, GENRES_ID) values (2,10);
insert into MOVIE_GENRES (MOVIE_ID, GENRES_ID) values (3, 7);
insert into MOVIE_GENRES (MOVIE_ID, GENRES_ID) values (3, 8);
insert into MOVIE_GENRES (MOVIE_ID, GENRES_ID) values (3, 9);
insert into MOVIE_GENRES (MOVIE_ID, GENRES_ID) values (3, 10);
insert into MOVIE_GENRES (MOVIE_ID, GENRES_ID) values (3, 5);
insert into MOVIE_GENRES (MOVIE_ID, GENRES_ID) values (3, 2);
insert into MOVIE_GENRES (MOVIE_ID, GENRES_ID) values (4,2);
insert into MOVIE_GENRES (MOVIE_ID, GENRES_ID) values (4,4);
insert into MOVIE_GENRES (MOVIE_ID, GENRES_ID) values (4,9);
insert into MOVIE_GENRES (MOVIE_ID, GENRES_ID) values (4,3);
insert into MOVIE_GENRES (MOVIE_ID, GENRES_ID) values (5, 1);
insert into MOVIE_GENRES (MOVIE_ID, GENRES_ID) values (5, 3);
insert into MOVIE_GENRES (MOVIE_ID, GENRES_ID) values (5, 7);
insert into MOVIE_GENRES (MOVIE_ID, GENRES_ID) values (5,2);
insert into MOVIE_GENRES (MOVIE_ID, GENRES_ID) values (5,4);
insert into MOVIE_GENRES (MOVIE_ID, GENRES_ID) values (5,9);
insert into MOVIE_GENRES (MOVIE_ID, GENRES_ID) values (5,3);
insert into MOVIE_GENRES (MOVIE_ID, GENRES_ID) values (6, 3);
insert into MOVIE_GENRES (MOVIE_ID, GENRES_ID) values (6, 4);
insert into MOVIE_GENRES (MOVIE_ID, GENRES_ID) values (6, 5);
insert into MOVIE_GENRES (MOVIE_ID, GENRES_ID) values (7, 6);
insert into MOVIE_GENRES (MOVIE_ID, GENRES_ID) values (7, 7);
insert into MOVIE_GENRES (MOVIE_ID, GENRES_ID) values (7, 5);
insert into MOVIE_GENRES (MOVIE_ID, GENRES_ID) values (8,1);
insert into MOVIE_GENRES (MOVIE_ID, GENRES_ID) values (8,2);
insert into MOVIE_GENRES (MOVIE_ID, GENRES_ID) values (9,3);
insert into MOVIE_GENRES (MOVIE_ID, GENRES_ID) values (9,10);
insert into MOVIE_GENRES (MOVIE_ID, GENRES_ID) values (9, 7);
insert into MOVIE_GENRES (MOVIE_ID, GENRES_ID) values (10, 8);
insert into MOVIE_GENRES (MOVIE_ID, GENRES_ID) values (10, 9);
insert into MOVIE_GENRES (MOVIE_ID, GENRES_ID) values (11, 10);
insert into MOVIE_GENRES (MOVIE_ID, GENRES_ID) values (11, 5);
insert into MOVIE_GENRES (MOVIE_ID, GENRES_ID) values (11, 2);
insert into MOVIE_GENRES (MOVIE_ID, GENRES_ID) values (12,2);
insert into MOVIE_GENRES (MOVIE_ID, GENRES_ID) values (13,4);
insert into MOVIE_GENRES (MOVIE_ID, GENRES_ID) values (13,9);
insert into MOVIE_GENRES (MOVIE_ID, GENRES_ID) values (14,3);
insert into MOVIE_GENRES (MOVIE_ID, GENRES_ID) values (14, 1);
insert into MOVIE_GENRES (MOVIE_ID, GENRES_ID) values (15, 3);
insert into MOVIE_GENRES (MOVIE_ID, GENRES_ID) values (15, 7);
insert into MOVIE_GENRES (MOVIE_ID, GENRES_ID) values (15,2);
insert into MOVIE_GENRES (MOVIE_ID, GENRES_ID) values (15,4);
insert into MOVIE_GENRES (MOVIE_ID, GENRES_ID) values (15,9);
insert into MOVIE_GENRES (MOVIE_ID, GENRES_ID) values (15,3);
S
insert into SERIE_GENRES (SERIE_ID, GENRES_ID) values (1, 3);
insert into SERIE_GENRES (SERIE_ID, GENRES_ID) values (1, 4);
insert into SERIE_GENRES (SERIE_ID, GENRES_ID) values (1, 5);
insert into SERIE_GENRES (SERIE_ID, GENRES_ID) values (1, 6);
insert into SERIE_GENRES (SERIE_ID, GENRES_ID) values (1, 7);
insert into SERIE_GENRES (SERIE_ID, GENRES_ID) values (2, 5);
insert into SERIE_GENRES (SERIE_ID, GENRES_ID) values (2,1);
insert into SERIE_GENRES (SERIE_ID, GENRES_ID) values (2,2);
insert into SERIE_GENRES (SERIE_ID, GENRES_ID) values (2,3);
insert into SERIE_GENRES (SERIE_ID, GENRES_ID) values (2,10);
insert into SERIE_GENRES (SERIE_ID, GENRES_ID) values (3, 7);
insert into SERIE_GENRES (SERIE_ID, GENRES_ID) values (3, 8);
insert into SERIE_GENRES (SERIE_ID, GENRES_ID) values (3, 9);
insert into SERIE_GENRES (SERIE_ID, GENRES_ID) values (3, 10);
insert into SERIE_GENRES (SERIE_ID, GENRES_ID) values (3, 5);
insert into SERIE_GENRES (SERIE_ID, GENRES_ID) values (3, 2);
insert into SERIE_GENRES (SERIE_ID, GENRES_ID) values (4,2);
insert into SERIE_GENRES (SERIE_ID, GENRES_ID) values (4,4);
insert into SERIE_GENRES (SERIE_ID, GENRES_ID) values (4,9);
insert into SERIE_GENRES (SERIE_ID, GENRES_ID) values (4,3);


insert into RATING (ID, COMMENT, RATE, MOVIE_ID, PROFILE_ID, SERIE_ID) values (1, 'Comment', 5, 1, 1, null);
insert into RATING (ID, COMMENT, RATE, MOVIE_ID, PROFILE_ID, SERIE_ID) values (2, 'Comment', 2, 1, 2, null);
insert into RATING (ID, COMMENT, RATE, MOVIE_ID, PROFILE_ID, SERIE_ID) values (3, 'Comment', 6, 1, 3, null);
insert into RATING (ID, COMMENT, RATE, MOVIE_ID, PROFILE_ID, SERIE_ID) values (4, 'Comment', 10, 2, 4, null);
insert into RATING (ID, COMMENT, RATE, MOVIE_ID, PROFILE_ID, SERIE_ID) values (5, 'Comment', 0, 2, 2, null);
insert into RATING (ID, COMMENT, RATE, MOVIE_ID, PROFILE_ID, SERIE_ID) values (6, 'Comment', 2, 2, 3, null);
insert into RATING (ID, COMMENT, RATE, MOVIE_ID, PROFILE_ID, SERIE_ID) values (7, 'Comment', 1, 2, 5, null);
insert into RATING (ID, COMMENT, RATE, MOVIE_ID, PROFILE_ID, SERIE_ID) values (8, 'Comment', 8, 2, 1, null);
insert into RATING (ID, COMMENT, RATE, MOVIE_ID, PROFILE_ID, SERIE_ID) values (9, 'Comment', 7, 3, 2, null);
insert into RATING (ID, COMMENT, RATE, MOVIE_ID, PROFILE_ID, SERIE_ID) values (10, 'Comment', 6, 3, 3, null);
insert into RATING (ID, COMMENT, RATE, MOVIE_ID, PROFILE_ID, SERIE_ID) values (11, 'Comment', 10, 3, 5, null);
insert into RATING (ID, COMMENT, RATE, MOVIE_ID, PROFILE_ID, SERIE_ID) values (12, 'Comment', 5, 3, 4, null);
insert into RATING (ID, COMMENT, RATE, MOVIE_ID, PROFILE_ID, SERIE_ID) values (13, 'Comment', 3, 3, 2, null);
insert into RATING (ID, COMMENT, RATE, MOVIE_ID, PROFILE_ID, SERIE_ID) values (14, 'Comment', 5, 4, 1, null);
insert into RATING (ID, COMMENT, RATE, MOVIE_ID, PROFILE_ID, SERIE_ID) values (15, 'Comment', 10, 4, 4, null);
insert into RATING (ID, COMMENT, RATE, MOVIE_ID, PROFILE_ID, SERIE_ID) values (16, 'Comment', 8, 4, 5, null);
insert into RATING (ID, COMMENT, RATE, MOVIE_ID, PROFILE_ID, SERIE_ID) values (17, 'Comment', 9, 4, 2, null);
insert into RATING (ID, COMMENT, RATE, MOVIE_ID, PROFILE_ID, SERIE_ID) values (18, 'Comment', 3, 5, 3, null);
insert into RATING (ID, COMMENT, RATE, MOVIE_ID, PROFILE_ID, SERIE_ID) values (19, 'Comment', 4, 5, 5, null);
insert into RATING (ID, COMMENT, RATE, MOVIE_ID, PROFILE_ID, SERIE_ID) values (20, 'Comment', 1, 5, 1, null);
insert into RATING (ID, COMMENT, RATE, MOVIE_ID, PROFILE_ID, SERIE_ID) values (21, 'Comment', 0, 5, 2, null);
insert into RATING (ID, COMMENT, RATE, MOVIE_ID, PROFILE_ID, SERIE_ID) values (22, 'Comment', 7, 5, 4, null);
insert into RATING (ID, COMMENT, RATE, MOVIE_ID, PROFILE_ID, SERIE_ID) values (23, 'Comment', 5, 6, 1, null);
insert into RATING (ID, COMMENT, RATE, MOVIE_ID, PROFILE_ID, SERIE_ID) values (24, 'Comment', 2, 6, 2, null);
insert into RATING (ID, COMMENT, RATE, MOVIE_ID, PROFILE_ID, SERIE_ID) values (25, 'Comment', 6, 6, 3, null);
insert into RATING (ID, COMMENT, RATE, MOVIE_ID, PROFILE_ID, SERIE_ID) values (26, 'Comment', 10, 7, 4, null);
insert into RATING (ID, COMMENT, RATE, MOVIE_ID, PROFILE_ID, SERIE_ID) values (27, 'Comment', 0, 7, 2, null);
insert into RATING (ID, COMMENT, RATE, MOVIE_ID, PROFILE_ID, SERIE_ID) values (28, 'Comment', 2, 7, 3, null);
insert into RATING (ID, COMMENT, RATE, MOVIE_ID, PROFILE_ID, SERIE_ID) values (29, 'Comment', 1, 7, 5, null);
insert into RATING (ID, COMMENT, RATE, MOVIE_ID, PROFILE_ID, SERIE_ID) values (30, 'Comment', 8, 8, 1, null);
insert into RATING (ID, COMMENT, RATE, MOVIE_ID, PROFILE_ID, SERIE_ID) values (31, 'Comment', 7, 8, 2, null);
insert into RATING (ID, COMMENT, RATE, MOVIE_ID, PROFILE_ID, SERIE_ID) values (32, 'Comment', 6, 9, 3, null);
insert into RATING (ID, COMMENT, RATE, MOVIE_ID, PROFILE_ID, SERIE_ID) values (33, 'Comment', 10, 9, 5, null);
insert into RATING (ID, COMMENT, RATE, MOVIE_ID, PROFILE_ID, SERIE_ID) values (34, 'Comment', 5, 10, 4, null);
insert into RATING (ID, COMMENT, RATE, MOVIE_ID, PROFILE_ID, SERIE_ID) values (35, 'Comment', 3, 11, 2, null);
insert into RATING (ID, COMMENT, RATE, MOVIE_ID, PROFILE_ID, SERIE_ID) values (36, 'Comment', 5, 12, 1, null);
insert into RATING (ID, COMMENT, RATE, MOVIE_ID, PROFILE_ID, SERIE_ID) values (37, 'Comment', 10, 12, 4, null);
insert into RATING (ID, COMMENT, RATE, MOVIE_ID, PROFILE_ID, SERIE_ID) values (38, 'Comment', 8, 12, 5, null);
insert into RATING (ID, COMMENT, RATE, MOVIE_ID, PROFILE_ID, SERIE_ID) values (39, 'Comment', 9, 13, 2, null);
insert into RATING (ID, COMMENT, RATE, MOVIE_ID, PROFILE_ID, SERIE_ID) values (40, 'Comment', 3, 13, 3, null);
insert into RATING (ID, COMMENT, RATE, MOVIE_ID, PROFILE_ID, SERIE_ID) values (41, 'Comment', 4, 13, 5, null);
insert into RATING (ID, COMMENT, RATE, MOVIE_ID, PROFILE_ID, SERIE_ID) values (42, 'Comment', 1, 14, 1, null);
insert into RATING (ID, COMMENT, RATE, MOVIE_ID, PROFILE_ID, SERIE_ID) values (43, 'Comment', 0, 14, 2, null);
insert into RATING (ID, COMMENT, RATE, MOVIE_ID, PROFILE_ID, SERIE_ID) values (44, 'Comment', 7, 15, 4, null);

insert into RATING (ID, COMMENT, RATE, MOVIE_ID, PROFILE_ID, SERIE_ID) values (45, 'Comment', 6, null, 5, 1);
insert into RATING (ID, COMMENT, RATE, MOVIE_ID, PROFILE_ID, SERIE_ID) values (46, 'Comment', 4, null, 1, 1);
insert into RATING (ID, COMMENT, RATE, MOVIE_ID, PROFILE_ID, SERIE_ID) values (47, 'Comment', 6, null, 2, 1);
insert into RATING (ID, COMMENT, RATE, MOVIE_ID, PROFILE_ID, SERIE_ID) values (48, 'Comment', 10, null, 1, 1);
insert into RATING (ID, COMMENT, RATE, MOVIE_ID, PROFILE_ID, SERIE_ID) values (49, 'Comment', 0, null, 1, 1);
insert into RATING (ID, COMMENT, RATE, MOVIE_ID, PROFILE_ID, SERIE_ID) values (50, 'Comment', 6, null, 5, 2);
insert into RATING (ID, COMMENT, RATE, MOVIE_ID, PROFILE_ID, SERIE_ID) values (51, 'Comment', 4, null, 1, 2);
insert into RATING (ID, COMMENT, RATE, MOVIE_ID, PROFILE_ID, SERIE_ID) values (52, 'Comment', 6, null, 2, 2);
insert into RATING (ID, COMMENT, RATE, MOVIE_ID, PROFILE_ID, SERIE_ID) values (53, 'Comment', 10, null, 1, 2);
insert into RATING (ID, COMMENT, RATE, MOVIE_ID, PROFILE_ID, SERIE_ID) values (54, 'Comment', 0, null, 1, 3);
insert into RATING (ID, COMMENT, RATE, MOVIE_ID, PROFILE_ID, SERIE_ID) values (55, 'Comment', 6, null, 5, 3);
insert into RATING (ID, COMMENT, RATE, MOVIE_ID, PROFILE_ID, SERIE_ID) values (56, 'Comment', 4, null, 1, 3);
insert into RATING (ID, COMMENT, RATE, MOVIE_ID, PROFILE_ID, SERIE_ID) values (57, 'Comment', 6, null, 2, 3);
insert into RATING (ID, COMMENT, RATE, MOVIE_ID, PROFILE_ID, SERIE_ID) values (58, 'Comment', 10, null, 1, 3);
insert into RATING (ID, COMMENT, RATE, MOVIE_ID, PROFILE_ID, SERIE_ID) values (59, 'Comment', 0, null, 1, 3);
insert into RATING (ID, COMMENT, RATE, MOVIE_ID, PROFILE_ID, SERIE_ID) values (60, 'Comment', 6, null, 5, 3);
insert into RATING (ID, COMMENT, RATE, MOVIE_ID, PROFILE_ID, SERIE_ID) values (61, 'Comment', 4, null, 1, 4);
insert into RATING (ID, COMMENT, RATE, MOVIE_ID, PROFILE_ID, SERIE_ID) values (62, 'Comment', 6, null, 2, 4);
insert into RATING (ID, COMMENT, RATE, MOVIE_ID, PROFILE_ID, SERIE_ID) values (63, 'Comment', 10, null, 1, 4);
insert into RATING (ID, COMMENT, RATE, MOVIE_ID, PROFILE_ID, SERIE_ID) values (64, 'Comment', 0, null, 1, 4);
insert into RATING (ID, COMMENT, RATE, MOVIE_ID, PROFILE_ID, SERIE_ID) values (65, 'Comment', 6, null, 5, 4);
insert into RATING (ID, COMMENT, RATE, MOVIE_ID, PROFILE_ID, SERIE_ID) values (66, 'Comment', 4, null, 1, 4);
insert into RATING (ID, COMMENT, RATE, MOVIE_ID, PROFILE_ID, SERIE_ID) values (67, 'Comment', 6, null, 2, 4);

insert into VIEW (ID, DATE, VIEWEDDURATION, MOVIE_ID, PROFILE_ID, SERIE_ID) values (1, current_date-2, 30, 1, 1, null);
insert into VIEW (ID, DATE, VIEWEDDURATION, MOVIE_ID, PROFILE_ID, SERIE_ID) values (2, current_date-5, 40, 1, 2, null);
insert into VIEW (ID, DATE, VIEWEDDURATION, MOVIE_ID, PROFILE_ID, SERIE_ID) values (3, current_date-4, 20, 1, 3, null);
insert into VIEW (ID, DATE, VIEWEDDURATION, MOVIE_ID, PROFILE_ID, SERIE_ID) values (4, current_date-4, 10, 2, 4, null);
insert into VIEW (ID, DATE, VIEWEDDURATION, MOVIE_ID, PROFILE_ID, SERIE_ID) values (5, current_date-6, 30, 2, 1, null);
insert into VIEW (ID, DATE, VIEWEDDURATION, MOVIE_ID, PROFILE_ID, SERIE_ID) values (6, current_date-4, 70, 2, 2, null);
insert into VIEW (ID, DATE, VIEWEDDURATION, MOVIE_ID, PROFILE_ID, SERIE_ID) values (7, current_date-4, 90, 2, 3, null);
insert into VIEW (ID, DATE, VIEWEDDURATION, MOVIE_ID, PROFILE_ID, SERIE_ID) values (8, current_date-7, 130, 3, 4, null);
insert into VIEW (ID, DATE, VIEWEDDURATION, MOVIE_ID, PROFILE_ID, SERIE_ID) values (9, current_date-5, 30, 3, 1, null);
insert into VIEW (ID, DATE, VIEWEDDURATION, MOVIE_ID, PROFILE_ID, SERIE_ID) values (10, current_date-18, 20, 3, 2, null);
insert into VIEW (ID, DATE, VIEWEDDURATION, MOVIE_ID, PROFILE_ID, SERIE_ID) values (11, current_date-19, 170, 3, 3, null);
insert into VIEW (ID, DATE, VIEWEDDURATION, MOVIE_ID, PROFILE_ID, SERIE_ID) values (12, current_date-20, 90, 3, 4, null);
insert into VIEW (ID, DATE, VIEWEDDURATION, MOVIE_ID, PROFILE_ID, SERIE_ID) values (13, current_date-10, 40, 4, 1, null);
insert into VIEW (ID, DATE, VIEWEDDURATION, MOVIE_ID, PROFILE_ID, SERIE_ID) values (14, current_date-6, 80, 4, 2, null);
insert into VIEW (ID, DATE, VIEWEDDURATION, MOVIE_ID, PROFILE_ID, SERIE_ID) values (15, current_date-7, 110, 4, 3, null);
insert into VIEW (ID, DATE, VIEWEDDURATION, MOVIE_ID, PROFILE_ID, SERIE_ID) values (16, current_date-18, 50, 5, 4, null);
insert into VIEW (ID, DATE, VIEWEDDURATION, MOVIE_ID, PROFILE_ID, SERIE_ID) values (17, current_date-25, 90, 5, 1, null);
insert into VIEW (ID, DATE, VIEWEDDURATION, MOVIE_ID, PROFILE_ID, SERIE_ID) values (18, current_date-35, 60, 5, 2, null);
insert into VIEW (ID, DATE, VIEWEDDURATION, MOVIE_ID, PROFILE_ID, SERIE_ID) values (19, current_date-20, 80, 6, 3, null);
insert into VIEW (ID, DATE, VIEWEDDURATION, MOVIE_ID, PROFILE_ID, SERIE_ID) values (20, current_date-15, 100, 6, 4, null);
insert into VIEW (ID, DATE, VIEWEDDURATION, MOVIE_ID, PROFILE_ID, SERIE_ID) values (21, current_date-25, 90, 6, 2, null);
insert into VIEW (ID, DATE, VIEWEDDURATION, MOVIE_ID, PROFILE_ID, SERIE_ID) values (22, current_date-17, 40, 6, 3, null);
insert into VIEW (ID, DATE, VIEWEDDURATION, MOVIE_ID, PROFILE_ID, SERIE_ID) values (23, current_date-18, 70, 7, 4, null);
insert into VIEW (ID, DATE, VIEWEDDURATION, MOVIE_ID, PROFILE_ID, SERIE_ID) values (24, current_date-19, 10, 7, 1, null);
insert into VIEW (ID, DATE, VIEWEDDURATION, MOVIE_ID, PROFILE_ID, SERIE_ID) values (25, current_date-25, 80, 7, 2, null);
insert into VIEW (ID, DATE, VIEWEDDURATION, MOVIE_ID, PROFILE_ID, SERIE_ID) values (26, current_date-10, 40, 7, 3, null);
insert into VIEW (ID, DATE, VIEWEDDURATION, MOVIE_ID, PROFILE_ID, SERIE_ID) values (27, current_date-10, 50, 7, 4, null);
insert into VIEW (ID, DATE, VIEWEDDURATION, MOVIE_ID, PROFILE_ID, SERIE_ID) values (28, current_date-25, 30, 8, 1, null);
insert into VIEW (ID, DATE, VIEWEDDURATION, MOVIE_ID, PROFILE_ID, SERIE_ID) values (29, current_date-23, 60, 8, 2, null);
insert into VIEW (ID, DATE, VIEWEDDURATION, MOVIE_ID, PROFILE_ID, SERIE_ID) values (30, current_date-27, 230, 9, 3, null);
insert into VIEW (ID, DATE, VIEWEDDURATION, MOVIE_ID, PROFILE_ID, SERIE_ID) values (31, current_date-25, 40, 9, 4, null);
insert into VIEW (ID, DATE, VIEWEDDURATION, MOVIE_ID, PROFILE_ID, SERIE_ID) values (32, current_date-28, 90, 9, 1, null);
insert into VIEW (ID, DATE, VIEWEDDURATION, MOVIE_ID, PROFILE_ID, SERIE_ID) values (33, current_date, 110, 10,2, null);
insert into VIEW (ID, DATE, VIEWEDDURATION, MOVIE_ID, PROFILE_ID, SERIE_ID) values (34, current_date-25, 60, 11, 3, null);
insert into VIEW (ID, DATE, VIEWEDDURATION, MOVIE_ID, PROFILE_ID, SERIE_ID) values (35, current_date-30, 80, 12, 4, null);
insert into VIEW (ID, DATE, VIEWEDDURATION, MOVIE_ID, PROFILE_ID, SERIE_ID) values (36, current_date-21, 120, 13, 1, null);
insert into VIEW (ID, DATE, VIEWEDDURATION, MOVIE_ID, PROFILE_ID, SERIE_ID) values (37, current_date-22, 40, 13, 2, null);
insert into VIEW (ID, DATE, VIEWEDDURATION, MOVIE_ID, PROFILE_ID, SERIE_ID) values (38, current_date-21, 90, 14, 3, null);
insert into VIEW (ID, DATE, VIEWEDDURATION, MOVIE_ID, PROFILE_ID, SERIE_ID) values (39, current_date-24, 50, 14, 4, null);
insert into VIEW (ID, DATE, VIEWEDDURATION, MOVIE_ID, PROFILE_ID, SERIE_ID) values (40, current_date-27, 20, 14, 1, null);
insert into VIEW (ID, DATE, VIEWEDDURATION, MOVIE_ID, PROFILE_ID, SERIE_ID) values (41, current_date-28, 80, 15, 2, null);
insert into VIEW (ID, DATE, VIEWEDDURATION, MOVIE_ID, PROFILE_ID, SERIE_ID) values (42, current_date-20, 100, 15, 3, null);
insert into VIEW (ID, DATE, VIEWEDDURATION, MOVIE_ID, PROFILE_ID, SERIE_ID) values (43, current_date-25, 90, 15, 4, null);
insert into VIEW (ID, DATE, VIEWEDDURATION, MOVIE_ID, PROFILE_ID, SERIE_ID) values (44, current_date-24, 50, 12, 1, null);
insert into VIEW (ID, DATE, VIEWEDDURATION, MOVIE_ID, PROFILE_ID, SERIE_ID) values (45, current_date-25, 20, 12, 2, null);
insert into VIEW (ID, DATE, VIEWEDDURATION, MOVIE_ID, PROFILE_ID, SERIE_ID) values (46, current_date-10, 30, 1, 3, null);
insert into VIEW (ID, DATE, VIEWEDDURATION, MOVIE_ID, PROFILE_ID, SERIE_ID) values (47, current_date-11, 80, 2, 4, null);
insert into VIEW (ID, DATE, VIEWEDDURATION, MOVIE_ID, PROFILE_ID, SERIE_ID) values (48, current_date-12, 90, 3, 1, null);
insert into VIEW (ID, DATE, VIEWEDDURATION, MOVIE_ID, PROFILE_ID, SERIE_ID) values (49, current_date-19, 50, 4, 2, null);
insert into VIEW (ID, DATE, VIEWEDDURATION, MOVIE_ID, PROFILE_ID, SERIE_ID) values (50, current_date-35, 90, 5, 3, null);

insert into VIEW (ID, DATE, VIEWEDDURATION, MOVIE_ID, PROFILE_ID, SERIE_ID) values (51, current_date-25, 40, null, 1, 1);
insert into VIEW (ID, DATE, VIEWEDDURATION, MOVIE_ID, PROFILE_ID, SERIE_ID) values (52, current_date-19, 70, null, 2, 1);
insert into VIEW (ID, DATE, VIEWEDDURATION, MOVIE_ID, PROFILE_ID, SERIE_ID) values (53, current_date-18, 10, null, 3, 1);
insert into VIEW (ID, DATE, VIEWEDDURATION, MOVIE_ID, PROFILE_ID, SERIE_ID) values (54, current_date-18, 80, null, 4, 1);
insert into VIEW (ID, DATE, VIEWEDDURATION, MOVIE_ID, PROFILE_ID, SERIE_ID) values (55, current_date-19, 40, null, 1, 1);
insert into VIEW (ID, DATE, VIEWEDDURATION, MOVIE_ID, PROFILE_ID, SERIE_ID) values (56, current_date-16, 50, null, 2, 1);
insert into VIEW (ID, DATE, VIEWEDDURATION, MOVIE_ID, PROFILE_ID, SERIE_ID) values (57, current_date-17, 30, null, 3, 1);
insert into VIEW (ID, DATE, VIEWEDDURATION, MOVIE_ID, PROFILE_ID, SERIE_ID) values (58, current_date-18, 60, null, 4, 1);
insert into VIEW (ID, DATE, VIEWEDDURATION, MOVIE_ID, PROFILE_ID, SERIE_ID) values (59, current_date-14, 230, null, 1, 2);
insert into VIEW (ID, DATE, VIEWEDDURATION, MOVIE_ID, PROFILE_ID, SERIE_ID) values (60, current_date-24, 40, null, 2, 2);
insert into VIEW (ID, DATE, VIEWEDDURATION, MOVIE_ID, PROFILE_ID, SERIE_ID) values (61, current_date-23, 90, null, 3, 2);
insert into VIEW (ID, DATE, VIEWEDDURATION, MOVIE_ID, PROFILE_ID, SERIE_ID) values (62, current_date-25, 110, null, 4, 2);
insert into VIEW (ID, DATE, VIEWEDDURATION, MOVIE_ID, PROFILE_ID, SERIE_ID) values (63, current_date-11, 60, null, 1, 2);
insert into VIEW (ID, DATE, VIEWEDDURATION, MOVIE_ID, PROFILE_ID, SERIE_ID) values (64, current_date-1, 80, null, 2, 2);
insert into VIEW (ID, DATE, VIEWEDDURATION, MOVIE_ID, PROFILE_ID, SERIE_ID) values (65, current_date-19, 120, null, 4, 2);
insert into VIEW (ID, DATE, VIEWEDDURATION, MOVIE_ID, PROFILE_ID, SERIE_ID) values (66, current_date-14, 40, null, 3, 2);
insert into VIEW (ID, DATE, VIEWEDDURATION, MOVIE_ID, PROFILE_ID, SERIE_ID) values (67, current_date-13, 90, null, 1, 2);
insert into VIEW (ID, DATE, VIEWEDDURATION, MOVIE_ID, PROFILE_ID, SERIE_ID) values (68, current_date-5, 50, null, 2, 2);
insert into VIEW (ID, DATE, VIEWEDDURATION, MOVIE_ID, PROFILE_ID, SERIE_ID) values (69, current_date-12, 20, null, 3, 3);
insert into VIEW (ID, DATE, VIEWEDDURATION, MOVIE_ID, PROFILE_ID, SERIE_ID) values (70, current_date-11, 80, null, 4, 3);
insert into VIEW (ID, DATE, VIEWEDDURATION, MOVIE_ID, PROFILE_ID, SERIE_ID) values (71, current_date-1, 100, null, 1, 3);
insert into VIEW (ID, DATE, VIEWEDDURATION, MOVIE_ID, PROFILE_ID, SERIE_ID) values (72, current_date-3, 90, null, 2, 3);
insert into VIEW (ID, DATE, VIEWEDDURATION, MOVIE_ID, PROFILE_ID, SERIE_ID) values (73, current_date-33, 50, null, 3, 3);
insert into VIEW (ID, DATE, VIEWEDDURATION, MOVIE_ID, PROFILE_ID, SERIE_ID) values (74, current_date-32, 20, null, 4, 3);
insert into VIEW (ID, DATE, VIEWEDDURATION, MOVIE_ID, PROFILE_ID, SERIE_ID) values (75, current_date-30, 30, null, 1, 3);
insert into VIEW (ID, DATE, VIEWEDDURATION, MOVIE_ID, PROFILE_ID, SERIE_ID) values (76, current_date-25, 80, null, 2, 4);
insert into VIEW (ID, DATE, VIEWEDDURATION, MOVIE_ID, PROFILE_ID, SERIE_ID) values (77, current_date-15, 90, null, 3, 4);
insert into VIEW (ID, DATE, VIEWEDDURATION, MOVIE_ID, PROFILE_ID, SERIE_ID) values (78, current_date-13, 50, null, 4, 4);
insert into VIEW (ID, DATE, VIEWEDDURATION, MOVIE_ID, PROFILE_ID, SERIE_ID) values (79, current_date-12, 90, null, 1, 4);